sketch,w,seed,"pares (clave, ventana)",claves,error abs. medio,error abs. mediano,error abs. max,sesgo medio,error rel. medio,error rel. mediano,error abs. / N (%),subestimaciones (%),memoria sketch (KB),memoria anillo+A (KB),dentro de cota 2N/w (%)
CMS,256,1,6109,100,7779.336716320184,7316.0,23491,7779.336716320184,1245.2448268177159,339.1304347826087,0.09483542305290821,0.0,5.0,35.0,100.0
CS,256,1,6109,100,1476.0767719757735,364.0,99488,895.116549353413,180.3826540570288,1.0,0.017997812982064466,49.63169094778196,5.0,35.0,
CMS,256,2,6109,100,7597.9959076771975,7134.0,19952,7597.9959076771975,1231.8153177290421,329.9,0.09263740724036915,0.0,5.0,35.0,100.0
CS,256,2,6109,100,1031.0016369291209,267.0,43463,569.910459977083,127.64240815720505,1.0,0.012546253205931043,51.71059093141267,5.0,35.0,
CMS,256,3,6109,100,7679.805532820429,7185.0,17178,7679.805532820429,1247.5827410514269,342.25,0.09359821404080446,0.0,5.0,35.0,100.0
CS,256,3,6109,100,1238.1145850384678,305.0,17207,790.7300703879522,171.7091966780523,1.0,0.015087144943170608,49.69716811262072,5.0,35.0,
CMS,1024,1,6109,100,1564.7562612538877,1534.0,3710,1564.7562612538877,251.11583397679536,68.2,0.019081162407140414,0.0,20.0,140.0,100.0
CS,1024,1,6109,100,163.36192502864625,56.0,5131,64.40235717793419,12.669498805669425,1.0,0.0019886698593203113,48.73137993124897,20.0,140.0,
CMS,1024,2,6109,100,1571.5022098543134,1538.0,3237,1571.5022098543134,251.79856115841343,68.43478260869566,0.019158019719526395,0.0,20.0,140.0,100.0
CS,1024,2,6109,100,162.42756588639713,46.0,6161,84.46390571288264,18.15051739830113,1.0,0.001980558841417332,49.41889016205599,20.0,140.0,
CMS,1024,3,6109,100,1556.3321329186447,1534.0,3126,1556.3321329186447,247.62327967085406,70.22727272727273,0.018974373910341746,0.0,20.0,140.0,100.0
CS,1024,3,6109,100,133.09657881813717,46.0,9209,76.45162874447536,19.43015249005841,1.0,0.0016226364499546588,49.41889016205599,20.0,140.0,
CMS,4096,1,6109,100,350.47421836634476,348.0,547,350.47421836634476,56.066295724004476,15.083333333333334,0.004273521588248325,0.0,80.0,560.0,100.0
CS,4096,1,6109,100,24.95858569323948,15.0,884,6.5791455229988545,2.1993689789200586,0.7105263157894737,0.0003048188175905769,50.204616140121125,80.0,560.0,
CMS,4096,2,6109,100,347.2810607300704,345.0,545,347.2810607300704,55.78113645014592,15.3,0.004234567581970673,0.0,80.0,560.0,100.0
CS,4096,2,6109,100,41.858078245211985,13.0,6321,26.823539040759535,6.71565395205193,0.6739130434782609,0.0005136054562301372,48.99328859060403,80.0,560.0,
CMS,4096,3,6109,100,351.4216729415616,348.0,530,351.4216729415616,56.93953988842393,15.727272727272727,0.004284807146434057,0.0,80.0,560.0,100.0
CS,4096,3,6109,100,28.846456048453103,15.0,2684,10.535766901293174,4.229017796936101,0.717948717948718,0.000351159648681737,45.21198232116549,80.0,560.0,
