sketch,w,banda,pares,error abs. medio,error rel. medio
CMS,256,"0,1T <= f < T",663.0,6986.761689291102,0.1672232840274115
CMS,256,"f < 0,1T",4496.0,5965.250444839858,887.9461141035035
CMS,256,f >= T (heavy hitter),703.0,6424.874822190613,0.037711002424488604
CMS,1024,"0,1T <= f < T",663.0,886.274007038713,0.021115895425471543
CMS,1024,"f < 0,1T",4496.0,756.0749555160143,116.53670795662987
CMS,1024,f >= T (heavy hitter),703.0,750.5595068752964,0.004403786385693729
CMS,4096,"0,1T <= f < T",663.0,123.53494218200102,0.0030289604221152466
CMS,4096,"f < 0,1T",4496.0,119.02587485172005,18.13195198142296
CMS,4096,f >= T (heavy hitter),703.0,120.86344238975818,0.0007179925768302074
CS,256,"0,1T <= f < T",663.0,5155.024635495224,0.1160935210350068
CS,256,"f < 0,1T",4496.0,2001.4701215895611,322.4746592283177
CS,256,f >= T (heavy hitter),703.0,4320.54101469891,0.02712254862848348
CS,1024,"0,1T <= f < T",663.0,583.7983911513323,0.01368517090789934
CS,1024,"f < 0,1T",4496.0,230.4141459074733,32.293884735116016
CS,1024,f >= T (heavy hitter),703.0,569.8515884305358,0.0031360441317304106
CS,4096,"0,1T <= f < T",663.0,50.07642031171443,0.0011595762390668193
CS,4096,"f < 0,1T",4496.0,24.135824436536183,2.9810215383290206
CS,4096,f >= T (heavy hitter),703.0,47.92697961119014,0.0002719332898512632
