ataque,sketch,w,seed,memoria (KB),|J|,MRE,latencia exacta (s),latencia sketch (s),ventanas de diferencia,FP en rango,FN en rango,alarmas antes del ataque
DDoS,CMS,256,1,5.0,8,0.09167528751336235,30.0,20.0,-1.0,2,0,0
DDoS,CS,256,1,5.0,8,0.012538804081389271,30.0,30.0,0.0,0,0,0
DDoS,CMS,256,2,5.0,8,0.09405920081458467,30.0,20.0,-1.0,2,0,0
DDoS,CS,256,2,5.0,8,0.004015524537986264,30.0,30.0,0.0,0,0,0
DDoS,CMS,256,3,5.0,8,0.16063718197856008,30.0,20.0,-1.0,2,0,0
DDoS,CS,256,3,5.0,8,0.01592228935409241,30.0,30.0,0.0,1,0,0
DDoS,CMS,1024,1,20.0,8,0.020234236346133496,30.0,30.0,0.0,0,0,0
DDoS,CS,1024,1,20.0,8,0.001462643443423464,30.0,30.0,0.0,0,0,0
DDoS,CMS,1024,2,20.0,8,0.021056670316851038,30.0,30.0,0.0,0,0,0
DDoS,CS,1024,2,20.0,8,0.0027808435476209346,30.0,30.0,0.0,0,0,0
DDoS,CMS,1024,3,20.0,8,0.022809135583380616,30.0,20.0,-1.0,1,0,0
DDoS,CS,1024,3,20.0,8,0.0015728708103042901,30.0,30.0,0.0,0,0,0
DDoS,CMS,4096,1,80.0,8,0.0047826076990538716,30.0,30.0,0.0,0,0,0
DDoS,CS,4096,1,80.0,8,0.0004800161560955266,30.0,30.0,0.0,0,0,0
DDoS,CMS,4096,2,80.0,8,0.004661302884430009,30.0,30.0,0.0,0,0,0
DDoS,CS,4096,2,80.0,8,0.000339291269008589,30.0,30.0,0.0,0,0,0
DDoS,CMS,4096,3,80.0,8,0.004933062349063976,30.0,30.0,0.0,0,0,0
DDoS,CS,4096,3,80.0,8,0.0004242337910932571,30.0,30.0,0.0,0,0,0
