ataque,estimador,w,seed,MAE en rango,sesgo en incrementos,sesgo en decrementos,error max,sesgo medio,sesgo teorico medio (dN-df)/w,"corr(error, (dN-df)/w)"
DDoS,CS,256,1,119.5625,-63.666666666666664,11.0,419.0,-59.4375,-99.560302734375,0.5410806459670066
DDoS,CMS-mediana,256,1,93.9375,37.0,-16.333333333333332,158.0,6.6875,-99.560302734375,-0.33052743451963423
DDoS,CS,256,2,205.5,172.0,-595.3333333333334,1304.0,-64.5,-99.560302734375,-0.5377448819836684
DDoS,CMS-mediana,256,2,123.625,112.66666666666667,83.33333333333333,545.0,78.75,-99.560302734375,-0.41615193871411665
DDoS,CS,256,3,755.8125,203.33333333333334,-628.0,3148.0,393.9375,-99.560302734375,-0.5042132950357585
DDoS,CMS-mediana,256,3,1002.625,-400.0,205.66666666666666,3132.0,-170.5,-99.560302734375,0.2333282994444898
DDoS,CS,1024,1,62.5625,-5.0,8.666666666666666,373.0,-26.8125,-24.89007568359375,0.38049549636034913
DDoS,CMS-mediana,1024,1,41.9375,-4.666666666666667,-68.0,103.0,-8.3125,-24.89007568359375,-0.475927700119221
DDoS,CS,1024,2,39.8125,-61.333333333333336,32.333333333333336,131.0,3.3125,-24.89007568359375,-0.00452324574152253
DDoS,CMS-mediana,1024,2,26.125,-2.3333333333333335,19.0,56.0,1.25,-24.89007568359375,-0.03489225650880885
DDoS,CS,1024,3,31.0625,34.0,30.333333333333332,131.0,27.0625,-24.89007568359375,0.06739564675159274
DDoS,CMS-mediana,1024,3,29.625,1.3333333333333333,-34.0,69.0,-11.0,-24.89007568359375,-0.44433465386087684
DDoS,CS,4096,1,8.5625,-1.6666666666666667,2.3333333333333335,25.0,-2.3125,-6.2225189208984375,0.6425466779303375
DDoS,CMS-mediana,4096,1,6.25,-5.333333333333333,-6.0,19.0,0.5,-6.2225189208984375,-0.07115858644992686
DDoS,CS,4096,2,7.375,6.333333333333333,-6.333333333333333,22.0,-1.875,-6.2225189208984375,0.02017704904187328
DDoS,CMS-mediana,4096,2,6.375,2.6666666666666665,-6.0,20.0,0.0,-6.2225189208984375,-0.2763855474335464
DDoS,CS,4096,3,6.625,1.6666666666666667,-8.0,15.0,-0.625,-6.2225189208984375,-0.4426874631761073
DDoS,CMS-mediana,4096,3,8.4375,8.0,-10.333333333333334,18.0,-2.1875,-6.2225189208984375,-0.3031352074432106
