ataque,sketch,w,seed,tau_rel,t_desde_inicio,f,f_hat,T,err_rel
Scan,CMS,256,1,310.0,10.0,40000,44913,81749,0.122825
Scan,CMS,256,1,320.0,20.0,80000,85612,81622,0.07015
Scan,CMS,256,1,330.0,30.0,120000,124757,81741,0.039641666666666665
Scan,CMS,256,1,340.0,40.0,120000,124872,81866,0.0406
Scan,CMS,256,1,350.0,50.0,120000,125232,81932,0.0436
Scan,CMS,256,1,360.0,60.0,120000,125587,82139,0.046558333333333334
Scan,CMS,256,1,370.0,70.0,80000,85546,82578,0.069325
Scan,CMS,256,1,380.0,80.0,40000,45860,82696,0.1465
Scan,CS,256,1,310.0,10.0,40000,39621,81749,0.009475
Scan,CS,256,1,320.0,20.0,80000,80379,81622,0.0047375
Scan,CS,256,1,330.0,30.0,120000,121481,81741,0.012341666666666667
Scan,CS,256,1,340.0,40.0,120000,119814,81866,0.00155
Scan,CS,256,1,350.0,50.0,120000,119874,81932,0.00105
Scan,CS,256,1,360.0,60.0,120000,120371,82139,0.0030916666666666666
Scan,CS,256,1,370.0,70.0,80000,80506,82578,0.006325
Scan,CS,256,1,380.0,80.0,40000,39860,82696,0.0035
Scan,CMS,256,2,310.0,10.0,40000,45957,81749,0.148925
Scan,CMS,256,2,320.0,20.0,80000,85965,81622,0.0745625
Scan,CMS,256,2,330.0,30.0,120000,127301,81741,0.06084166666666667
Scan,CMS,256,2,340.0,40.0,120000,127738,81866,0.06448333333333334
Scan,CMS,256,2,350.0,50.0,120000,126940,81932,0.057833333333333334
Scan,CMS,256,2,360.0,60.0,120000,125628,82139,0.0469
Scan,CMS,256,2,370.0,70.0,80000,86070,82578,0.075875
Scan,CMS,256,2,380.0,80.0,40000,46141,82696,0.153525
Scan,CS,256,2,310.0,10.0,40000,35490,81749,0.11275
Scan,CS,256,2,320.0,20.0,80000,70355,81622,0.1205625
Scan,CS,256,2,330.0,30.0,120000,104615,81741,0.12820833333333334
Scan,CS,256,2,340.0,40.0,120000,98911,81866,0.17574166666666666
Scan,CS,256,2,350.0,50.0,120000,99522,81932,0.17065
Scan,CS,256,2,360.0,60.0,120000,98425,82139,0.17979166666666666
Scan,CS,256,2,370.0,70.0,80000,61628,82578,0.22965
Scan,CS,256,2,380.0,80.0,40000,26956,82696,0.3261
Scan,CMS,256,3,310.0,10.0,40000,43385,81749,0.084625
Scan,CMS,256,3,320.0,20.0,80000,83290,81622,0.041125
Scan,CMS,256,3,330.0,30.0,120000,122921,81741,0.024341666666666668
Scan,CMS,256,3,340.0,40.0,120000,122966,81866,0.024716666666666668
Scan,CMS,256,3,350.0,50.0,120000,123472,81932,0.028933333333333332
Scan,CMS,256,3,360.0,60.0,120000,123460,82139,0.028833333333333332
Scan,CMS,256,3,370.0,70.0,80000,83345,82578,0.0418125
Scan,CMS,256,3,380.0,80.0,40000,43482,82696,0.08705
Scan,CS,256,3,310.0,10.0,40000,37876,81749,0.0531
Scan,CS,256,3,320.0,20.0,80000,77291,81622,0.0338625
Scan,CS,256,3,330.0,30.0,120000,116667,81741,0.027775
Scan,CS,256,3,340.0,40.0,120000,117050,81866,0.024583333333333332
Scan,CS,256,3,350.0,50.0,120000,116827,81932,0.026441666666666665
Scan,CS,256,3,360.0,60.0,120000,116605,82139,0.028291666666666666
Scan,CS,256,3,370.0,70.0,80000,78162,82578,0.022975
Scan,CS,256,3,380.0,80.0,40000,39310,82696,0.01725
Scan,CMS,1024,1,310.0,10.0,40000,40865,81749,0.021625
Scan,CMS,1024,1,320.0,20.0,80000,80986,81622,0.012325
Scan,CMS,1024,1,330.0,30.0,120000,121239,81741,0.010325
Scan,CMS,1024,1,340.0,40.0,120000,121245,81866,0.010375
Scan,CMS,1024,1,350.0,50.0,120000,121246,81932,0.010383333333333333
Scan,CMS,1024,1,360.0,60.0,120000,121293,82139,0.010775
Scan,CMS,1024,1,370.0,70.0,80000,81282,82578,0.016025
Scan,CMS,1024,1,380.0,80.0,40000,41565,82696,0.039125
Scan,CS,1024,1,310.0,10.0,40000,39663,81749,0.008425
Scan,CS,1024,1,320.0,20.0,80000,80232,81622,0.0029
Scan,CS,1024,1,330.0,30.0,120000,120209,81741,0.0017416666666666668
Scan,CS,1024,1,340.0,40.0,120000,120458,81866,0.0038166666666666666
Scan,CS,1024,1,350.0,50.0,120000,120463,81932,0.0038583333333333334
Scan,CS,1024,1,360.0,60.0,120000,120510,82139,0.00425
Scan,CS,1024,1,370.0,70.0,80000,80588,82578,0.00735
Scan,CS,1024,1,380.0,80.0,40000,40684,82696,0.0171
Scan,CMS,1024,2,310.0,10.0,40000,40745,81749,0.018625
Scan,CMS,1024,2,320.0,20.0,80000,80683,81622,0.0085375
Scan,CMS,1024,2,330.0,30.0,120000,120598,81741,0.0049833333333333335
Scan,CMS,1024,2,340.0,40.0,120000,120592,81866,0.004933333333333333
Scan,CMS,1024,2,350.0,50.0,120000,120590,81932,0.004916666666666666
Scan,CMS,1024,2,360.0,60.0,120000,120646,82139,0.005383333333333334
Scan,CMS,1024,2,370.0,70.0,80000,80676,82578,0.00845
Scan,CMS,1024,2,380.0,80.0,40000,40722,82696,0.01805
Scan,CS,1024,2,310.0,10.0,40000,39831,81749,0.004225
Scan,CS,1024,2,320.0,20.0,80000,79894,81622,0.001325
Scan,CS,1024,2,330.0,30.0,120000,120074,81741,0.0006166666666666666
Scan,CS,1024,2,340.0,40.0,120000,119932,81866,0.0005666666666666667
Scan,CS,1024,2,350.0,50.0,120000,119936,81932,0.0005333333333333334
Scan,CS,1024,2,360.0,60.0,120000,119878,82139,0.0010166666666666666
Scan,CS,1024,2,370.0,70.0,80000,79836,82578,0.00205
Scan,CS,1024,2,380.0,80.0,40000,39880,82696,0.003
Scan,CMS,1024,3,310.0,10.0,40000,40637,81749,0.015925
Scan,CMS,1024,3,320.0,20.0,80000,80600,81622,0.0075
Scan,CMS,1024,3,330.0,30.0,120000,120536,81741,0.0044666666666666665
Scan,CMS,1024,3,340.0,40.0,120000,120548,81866,0.004566666666666667
Scan,CMS,1024,3,350.0,50.0,120000,120632,81932,0.005266666666666667
Scan,CMS,1024,3,360.0,60.0,120000,120653,82139,0.005441666666666667
Scan,CMS,1024,3,370.0,70.0,80000,80643,82578,0.0080375
Scan,CMS,1024,3,380.0,80.0,40000,40669,82696,0.016725
Scan,CS,1024,3,310.0,10.0,40000,40346,81749,0.00865
Scan,CS,1024,3,320.0,20.0,80000,80294,81622,0.003675
Scan,CS,1024,3,330.0,30.0,120000,120140,81741,0.0011666666666666668
Scan,CS,1024,3,340.0,40.0,120000,120204,81866,0.0017
Scan,CS,1024,3,350.0,50.0,120000,120168,81932,0.0014
Scan,CS,1024,3,360.0,60.0,120000,120167,82139,0.0013916666666666667
Scan,CS,1024,3,370.0,70.0,80000,80184,82578,0.0023
Scan,CS,1024,3,380.0,80.0,40000,40168,82696,0.0042
Scan,CMS,4096,1,310.0,10.0,40000,40105,81749,0.002625
Scan,CMS,4096,1,320.0,20.0,80000,80178,81622,0.002225
Scan,CMS,4096,1,330.0,30.0,120000,120161,81741,0.0013416666666666666
Scan,CMS,4096,1,340.0,40.0,120000,120147,81866,0.001225
Scan,CMS,4096,1,350.0,50.0,120000,120146,81932,0.0012166666666666667
Scan,CMS,4096,1,360.0,60.0,120000,120148,82139,0.0012333333333333332
Scan,CMS,4096,1,370.0,70.0,80000,80141,82578,0.0017625
Scan,CMS,4096,1,380.0,80.0,40000,40136,82696,0.0034
Scan,CS,4096,1,310.0,10.0,40000,39953,81749,0.001175
Scan,CS,4096,1,320.0,20.0,80000,79952,81622,0.0006
Scan,CS,4096,1,330.0,30.0,120000,119961,81741,0.000325
Scan,CS,4096,1,340.0,40.0,120000,119957,81866,0.00035833333333333333
Scan,CS,4096,1,350.0,50.0,120000,119964,81932,0.0003
Scan,CS,4096,1,360.0,60.0,120000,119970,82139,0.00025
Scan,CS,4096,1,370.0,70.0,80000,79969,82578,0.0003875
Scan,CS,4096,1,380.0,80.0,40000,39972,82696,0.0007
Scan,CMS,4096,2,310.0,10.0,40000,40086,81749,0.00215
Scan,CMS,4096,2,320.0,20.0,80000,80084,81622,0.00105
Scan,CMS,4096,2,330.0,30.0,120000,120093,81741,0.000775
Scan,CMS,4096,2,340.0,40.0,120000,120095,81866,0.0007916666666666666
Scan,CMS,4096,2,350.0,50.0,120000,120093,81932,0.000775
Scan,CMS,4096,2,360.0,60.0,120000,120088,82139,0.0007333333333333333
Scan,CMS,4096,2,370.0,70.0,80000,80096,82578,0.0012
Scan,CMS,4096,2,380.0,80.0,40000,40097,82696,0.002425
Scan,CS,4096,2,310.0,10.0,40000,40002,81749,5e-05
Scan,CS,4096,2,320.0,20.0,80000,80004,81622,5e-05
Scan,CS,4096,2,330.0,30.0,120000,120005,81741,4.1666666666666665e-05
Scan,CS,4096,2,340.0,40.0,120000,119999,81866,8.333333333333334e-06
Scan,CS,4096,2,350.0,50.0,120000,119999,81932,8.333333333333334e-06
Scan,CS,4096,2,360.0,60.0,120000,119998,82139,1.6666666666666667e-05
Scan,CS,4096,2,370.0,70.0,80000,80006,82578,7.5e-05
Scan,CS,4096,2,380.0,80.0,40000,40029,82696,0.000725
Scan,CMS,4096,3,310.0,10.0,40000,40105,81749,0.002625
Scan,CMS,4096,3,320.0,20.0,80000,80096,81622,0.0012
Scan,CMS,4096,3,330.0,30.0,120000,120144,81741,0.0012
Scan,CMS,4096,3,340.0,40.0,120000,120146,81866,0.0012166666666666667
Scan,CMS,4096,3,350.0,50.0,120000,120139,81932,0.0011583333333333333
Scan,CMS,4096,3,360.0,60.0,120000,120129,82139,0.001075
Scan,CMS,4096,3,370.0,70.0,80000,80124,82578,0.00155
Scan,CMS,4096,3,380.0,80.0,40000,40105,82696,0.002625
Scan,CS,4096,3,310.0,10.0,40000,40096,81749,0.0024
Scan,CS,4096,3,320.0,20.0,80000,80066,81622,0.000825
Scan,CS,4096,3,330.0,30.0,120000,120031,81741,0.00025833333333333334
Scan,CS,4096,3,340.0,40.0,120000,120039,81866,0.000325
Scan,CS,4096,3,350.0,50.0,120000,120021,81932,0.000175
Scan,CS,4096,3,360.0,60.0,120000,120012,82139,0.0001
Scan,CS,4096,3,370.0,70.0,80000,80027,82578,0.0003375
Scan,CS,4096,3,380.0,80.0,40000,40027,82696,0.000675
