Ataque,Sketch,w,Memoria sketch (KB),Memoria anillo+A (KB),Err. abs./N sin ataque (%),Err. rel. sin ataque,MRE ataque,Latencia exacta,Latencia sketch,vs. exacto,FP / FN
DDoS,CMS,256,5,35,0.094,1241.548,0.115 ± 0.039,30 s,20 s,-1.0 ventanas,2.0 / 0.0
DDoS,CMS,1024,20,140,0.019,250.179,0.021 ± 0.001,30 s,27 s,-0.3 ventanas,0.3 / 0.0
DDoS,CMS,4096,80,560,0.004,56.262,0.005 ± 0.000,30 s,30 s,igual,0.0 / 0.0
DDoS,CS,256,5,35,0.015,159.911,0.011 ± 0.006,30 s,30 s,igual,0.3 / 0.0
DDoS,CS,1024,20,140,0.002,16.750,0.002 ± 0.001,30 s,30 s,igual,0.0 / 0.0
DDoS,CS,4096,80,560,0.000,4.381,0.000 ± 0.000,30 s,30 s,igual,0.0 / 0.0
Scan,CMS,256,5,35,0.094,1241.548,0.068 ± 0.021,30 s,20 s,-1.0 ventanas,2.0 / 0.0
Scan,CMS,1024,20,140,0.019,250.179,0.011 ± 0.004,30 s,30 s,igual,0.0 / 0.0
Scan,CMS,4096,80,560,0.004,56.262,0.002 ± 0.000,30 s,30 s,igual,0.0 / 0.0
Scan,CS,256,5,35,0.015,159.911,0.072 ± 0.095,30 s,30 s,igual,0.0 / 0.0
Scan,CS,1024,20,140,0.002,16.750,0.004 ± 0.002,30 s,30 s,igual,0.0 / 0.0
Scan,CS,4096,80,560,0.000,4.381,0.000 ± 0.000,30 s,30 s,igual,0.0 / 0.0
